[{"model": "music.music", "pk": 1, "fields": {"created_at": "2019-05-04T18:02:29.653Z", "updated_at": "2019-05-06T00:12:14.363Z", "album_released_date": "2019-05-11T00:12:11Z", "reviewed_at": "2019-05-06T00:11:01Z", "name": "Anoyo", "musician": 1, "rating": 1, "album_of_the_month": false, "src": null}}, {"model": "music.music", "pk": 2, "fields": {"created_at": "2019-05-06T00:14:46.170Z", "updated_at": "2019-05-06T00:14:46.170Z", "album_released_date": "2016-12-16T01:13:52Z", "reviewed_at": "2019-05-06T00:13:28Z", "name": "Land of the Dead", "musician": 2, "rating": 3, "album_of_the_month": true, "src": null}}, {"model": "music.music", "pk": 3, "fields": {"created_at": "2019-05-06T00:24:46.278Z", "updated_at": "2019-05-06T00:24:46.278Z", "album_released_date": "2015-10-03T00:23:42Z", "reviewed_at": "2016-01-01T01:23:07Z", "name": "New Bermuda", "musician": 3, "rating": 3, "album_of_the_month": true, "src": null}}, {"model": "music.music", "pk": 4, "fields": {"created_at": "2019-05-06T00:27:42.610Z", "updated_at": "2019-05-06T00:27:42.610Z", "album_released_date": "2014-10-29T00:27:04Z", "reviewed_at": "2016-01-01T01:25:26Z", "name": "Keep You", "musician": 4, "rating": 2, "album_of_the_month": true, "src": null}}, {"model": "music.music", "pk": 5, "fields": {"created_at": "2019-05-06T00:29:46.865Z", "updated_at": "2019-05-06T00:30:30.536Z", "album_released_date": "2014-09-26T00:29:02Z", "reviewed_at": "2016-01-01T01:28:26Z", "name": "Where All Is Fled", "musician": 5, "rating": 3, "album_of_the_month": true, "src": null}}, {"model": "music.music", "pk": 6, "fields": {"created_at": "2019-05-06T00:38:08.030Z", "updated_at": "2019-05-06T00:38:58.404Z", "album_released_date": "2014-05-13T00:37:24Z", "reviewed_at": "2016-01-01T01:36:19Z", "name": "Sylvan Esso", "musician": 6, "rating": 1, "album_of_the_month": false, "src": null}}, {"model": "music.music", "pk": 7, "fields": {"created_at": "2019-05-06T00:40:31.413Z", "updated_at": "2019-05-06T00:40:31.413Z", "album_released_date": "2015-02-24T01:39:16Z", "reviewed_at": "2016-01-01T01:39:00Z", "name": "The Race for Space", "musician": 7, "rating": 2, "album_of_the_month": true, "src": null}}, {"model": "music.music", "pk": 8, "fields": {"created_at": "2019-05-06T00:42:25.063Z", "updated_at": "2019-05-06T00:42:25.063Z", "album_released_date": "2015-10-03T00:41:52Z", "reviewed_at": "2016-01-01T01:40:42Z", "name": "Women's Rights", "musician": 8, "rating": 2, "album_of_the_month": false, "src": null}}, {"model": "music.music", "pk": 9, "fields": {"created_at": "2019-05-06T00:43:29.615Z", "updated_at": "2019-05-06T00:43:29.615Z", "album_released_date": "2015-01-07T01:43:01Z", "reviewed_at": "2016-01-01T01:42:31Z", "name": "Fuck Everybody, You Can Do Anything", "musician": 9, "rating": 2, "album_of_the_month": true, "src": null}}, {"model": "music.music", "pk": 10, "fields": {"created_at": "2019-05-06T00:45:20.208Z", "updated_at": "2019-05-06T00:45:20.208Z", "album_released_date": "2015-02-11T01:44:33Z", "reviewed_at": "2016-01-01T01:43:34Z", "name": "Perfect Abandon", "musician": 10, "rating": 2, "album_of_the_month": false, "src": null}}, {"model": "music.music", "pk": 11, "fields": {"created_at": "2019-05-06T00:46:30.385Z", "updated_at": "2019-05-06T00:58:35.571Z", "album_released_date": "2019-09-26T00:46:29Z", "reviewed_at": "2015-01-01T01:45:25Z", "name": "Believe I'm Going Down", "musician": 11, "rating": 3, "album_of_the_month": true, "src": null}}, {"model": "music.music", "pk": 12, "fields": {"created_at": "2019-05-06T00:47:40.205Z", "updated_at": "2019-05-06T00:48:02.157Z", "album_released_date": "2015-06-22T00:47:12Z", "reviewed_at": "2016-01-01T01:46:40Z", "name": "Morning/Evening", "musician": 12, "rating": 3, "album_of_the_month": true, "src": null}}, {"model": "music.music", "pk": 13, "fields": {"created_at": "2019-05-06T00:49:32.187Z", "updated_at": "2019-05-06T00:49:32.187Z", "album_released_date": "2015-07-18T00:49:13Z", "reviewed_at": "2016-01-01T01:48:07Z", "name": "Currents", "musician": 13, "rating": 3, "album_of_the_month": true, "src": null}}, {"model": "music.music", "pk": 14, "fields": {"created_at": "2019-05-06T00:50:52.877Z", "updated_at": "2019-05-06T00:50:52.877Z", "album_released_date": "2015-04-01T00:50:35Z", "reviewed_at": "2016-01-01T01:49:37Z", "name": "Carrie & Lowell", "musician": 14, "rating": 3, "album_of_the_month": true, "src": null}}, {"model": "music.music", "pk": 15, "fields": {"created_at": "2019-05-08T03:59:42.436Z", "updated_at": "2019-05-08T03:59:42.436Z", "album_released_date": "2015-06-24T03:59:05Z", "reviewed_at": "2017-01-01T04:58:09Z", "name": "Powers of Ten", "musician": 15, "rating": 2, "album_of_the_month": true, "src": null}}, {"model": "music.music", "pk": 16, "fields": {"created_at": "2019-05-08T04:01:24.901Z", "updated_at": "2019-05-08T04:01:24.901Z", "album_released_date": "2014-10-28T04:00:49Z", "reviewed_at": "2017-01-01T04:59:45Z", "name": "Kiasmos", "musician": 16, "rating": 2, "album_of_the_month": true, "src": null}}, {"model": "music.music", "pk": 17, "fields": {"created_at": "2019-05-08T04:03:14.117Z", "updated_at": "2019-05-08T04:03:14.117Z", "album_released_date": "2015-10-31T04:02:00Z", "reviewed_at": "2017-01-01T05:01:33Z", "name": "Rehumanizer", "musician": 17, "rating": 2, "album_of_the_month": false, "src": null}}, {"model": "music.music", "pk": 18, "fields": {"created_at": "2019-05-08T04:04:21.578Z", "updated_at": "2019-05-08T04:04:21.578Z", "album_released_date": "2015-12-19T05:03:52Z", "reviewed_at": "2017-01-01T05:03:17Z", "name": "Hypatia", "musician": 18, "rating": 2, "album_of_the_month": true, "src": null}}, {"model": "music.music", "pk": 19, "fields": {"created_at": "2019-05-08T04:05:33.380Z", "updated_at": "2019-05-08T04:05:33.380Z", "album_released_date": "2016-06-04T04:04:59Z", "reviewed_at": "2017-01-01T05:04:31Z", "name": "Modern Country", "musician": 19, "rating": 2, "album_of_the_month": true, "src": null}}, {"model": "music.music", "pk": 20, "fields": {"created_at": "2019-05-08T04:07:04Z", "updated_at": "2019-05-08T04:07:04Z", "album_released_date": "2016-06-28T04:07:01Z", "reviewed_at": "2017-01-01T05:05:42Z", "name": "Day of First Orange", "musician": 20, "rating": 3, "album_of_the_month": true, "src": null}}, {"model": "music.music", "pk": 21, "fields": {"created_at": "2019-05-08T04:08:22.327Z", "updated_at": "2019-05-08T04:08:22.327Z", "album_released_date": "2015-10-17T04:07:28Z", "reviewed_at": "2017-01-01T05:07:07Z", "name": "Black Light", "musician": 21, "rating": 3, "album_of_the_month": true, "src": null}}, {"model": "music.music", "pk": 22, "fields": {"created_at": "2019-05-08T04:09:09.394Z", "updated_at": "2019-05-08T04:09:09.394Z", "album_released_date": "2016-04-09T04:09:08Z", "reviewed_at": "2017-01-01T05:08:29Z", "name": "Love Streams", "musician": 1, "rating": 3, "album_of_the_month": true, "src": null}}, {"model": "music.music", "pk": 23, "fields": {"created_at": "2019-05-08T04:10:40.943Z", "updated_at": "2019-05-08T04:10:40.943Z", "album_released_date": "2016-02-06T05:10:35Z", "reviewed_at": "2017-01-01T05:09:45Z", "name": "Is The Is Are", "musician": 22, "rating": 3, "album_of_the_month": true, "src": null}}, {"model": "music.music", "pk": 24, "fields": {"created_at": "2019-05-08T04:13:05.156Z", "updated_at": "2019-05-08T04:24:07.585Z", "album_released_date": null, "reviewed_at": "2016-12-31T05:12:02Z", "name": "Mutant", "musician": 23, "rating": 1, "album_of_the_month": false, "src": null}}, {"model": "music.music", "pk": 25, "fields": {"created_at": "2019-05-08T04:13:48.943Z", "updated_at": "2019-05-08T04:24:02.949Z", "album_released_date": null, "reviewed_at": "2016-05-08T04:13:14Z", "name": "Music has the Right to Children", "musician": 24, "rating": 3, "album_of_the_month": true, "src": null}}, {"model": "music.music", "pk": 26, "fields": {"created_at": "2019-05-08T04:14:50.326Z", "updated_at": "2019-05-08T04:23:55.494Z", "album_released_date": null, "reviewed_at": "2016-05-08T04:13:50Z", "name": "Epoch", "musician": 25, "rating": 2, "album_of_the_month": false, "src": null}}, {"model": "music.music", "pk": 27, "fields": {"created_at": "2019-05-08T04:15:04.444Z", "updated_at": "2019-05-08T04:23:47.278Z", "album_released_date": null, "reviewed_at": "2016-05-08T04:14:52Z", "name": "Awake", "musician": 25, "rating": 3, "album_of_the_month": false, "src": null}}, {"model": "music.music", "pk": 28, "fields": {"created_at": "2019-05-08T04:16:07.749Z", "updated_at": "2019-05-08T04:23:42.743Z", "album_released_date": null, "reviewed_at": "2016-05-08T04:15:18Z", "name": "And Their Refinement of the Decline", "musician": 26, "rating": 3, "album_of_the_month": true, "src": null}}, {"model": "music.music", "pk": 29, "fields": {"created_at": "2019-05-08T04:17:10.992Z", "updated_at": "2019-05-08T04:23:37.635Z", "album_released_date": null, "reviewed_at": "2016-05-08T04:16:32Z", "name": "Every Open Eye", "musician": 27, "rating": 2, "album_of_the_month": false, "src": null}}, {"model": "music.music", "pk": 30, "fields": {"created_at": "2019-05-08T04:18:36.331Z", "updated_at": "2019-05-08T04:23:32.814Z", "album_released_date": null, "reviewed_at": "2016-05-08T04:18:10Z", "name": "Davos", "musician": 28, "rating": 1, "album_of_the_month": false, "src": null}}, {"model": "music.music", "pk": 31, "fields": {"created_at": "2019-05-08T04:19:32.575Z", "updated_at": "2019-05-08T04:23:26.546Z", "album_released_date": null, "reviewed_at": "2016-05-08T04:18:57Z", "name": "Sonnet", "musician": 29, "rating": 2, "album_of_the_month": true, "src": null}}, {"model": "music.music", "pk": 32, "fields": {"created_at": "2019-05-08T04:21:05.787Z", "updated_at": "2019-05-08T04:23:21.668Z", "album_released_date": null, "reviewed_at": "2016-05-08T04:20:16Z", "name": "Wrangham", "musician": 30, "rating": 1, "album_of_the_month": false, "src": null}}, {"model": "music.music", "pk": 33, "fields": {"created_at": "2019-05-08T04:21:51.992Z", "updated_at": "2019-05-08T04:23:16.091Z", "album_released_date": null, "reviewed_at": "2016-05-08T04:21:20Z", "name": "Glider", "musician": 31, "rating": 1, "album_of_the_month": false, "src": null}}, {"model": "music.music", "pk": 34, "fields": {"created_at": "2019-05-08T04:22:49.855Z", "updated_at": "2019-05-08T04:23:09.373Z", "album_released_date": null, "reviewed_at": "2016-05-08T04:22:12Z", "name": "another eternity", "musician": 32, "rating": 2, "album_of_the_month": false, "src": null}}, {"model": "music.music", "pk": 35, "fields": {"created_at": "2019-05-08T04:26:06.780Z", "updated_at": "2019-05-08T04:26:06.780Z", "album_released_date": null, "reviewed_at": "2016-05-08T04:25:41Z", "name": "Elaenia", "musician": 33, "rating": 1, "album_of_the_month": false, "src": null}}, {"model": "music.music", "pk": 36, "fields": {"created_at": "2019-05-08T04:26:58.543Z", "updated_at": "2019-05-08T04:28:11.410Z", "album_released_date": null, "reviewed_at": "2016-05-08T04:26:27Z", "name": "False Readings On", "musician": 34, "rating": 1, "album_of_the_month": false, "src": null}}, {"model": "music.music", "pk": 37, "fields": {"created_at": "2019-05-08T04:27:59.325Z", "updated_at": "2019-05-08T04:27:59.325Z", "album_released_date": null, "reviewed_at": "2016-05-08T04:27:28Z", "name": "Under the Sun", "musician": 35, "rating": 1, "album_of_the_month": false, "src": null}}, {"model": "music.music", "pk": 38, "fields": {"created_at": "2019-05-08T04:49:47.592Z", "updated_at": "2019-05-08T04:49:47.592Z", "album_released_date": null, "reviewed_at": "2017-05-08T04:49:00Z", "name": "Soft Animals", "musician": 36, "rating": 1, "album_of_the_month": false, "src": null}}, {"model": "music.music", "pk": 39, "fields": {"created_at": "2019-05-08T04:50:18.815Z", "updated_at": "2019-05-08T04:50:18.815Z", "album_released_date": null, "reviewed_at": "2017-05-08T04:49:49Z", "name": "Prisoner", "musician": 37, "rating": 1, "album_of_the_month": false, "src": null}}, {"model": "music.music", "pk": 40, "fields": {"created_at": "2019-05-08T04:50:38.666Z", "updated_at": "2019-05-08T04:50:38.666Z", "album_released_date": null, "reviewed_at": "2017-05-08T04:50:25Z", "name": "Every Valley", "musician": 7, "rating": 1, "album_of_the_month": false, "src": null}}, {"model": "music.music", "pk": 41, "fields": {"created_at": "2019-05-08T04:51:33.921Z", "updated_at": "2019-05-08T04:51:33.921Z", "album_released_date": null, "reviewed_at": "2017-05-08T04:50:42Z", "name": "Cardinal", "musician": 38, "rating": 1, "album_of_the_month": false, "src": null}}, {"model": "music.music", "pk": 42, "fields": {"created_at": "2019-05-08T04:52:44.353Z", "updated_at": "2019-05-08T04:55:59.260Z", "album_released_date": null, "reviewed_at": "2017-05-08T04:52:10Z", "name": "Puberty 2", "musician": 39, "rating": 1, "album_of_the_month": false, "src": null}}, {"model": "music.music", "pk": 43, "fields": {"created_at": "2019-05-08T04:53:43.584Z", "updated_at": "2019-05-08T04:53:43.584Z", "album_released_date": null, "reviewed_at": "2017-05-08T04:53:08Z", "name": "Heron Oblivion", "musician": 40, "rating": 1, "album_of_the_month": false, "src": null}}, {"model": "music.music", "pk": 44, "fields": {"created_at": "2019-05-08T04:55:51.067Z", "updated_at": "2019-05-08T04:55:51.067Z", "album_released_date": null, "reviewed_at": "2017-05-08T04:54:43Z", "name": "III:Trauma", "musician": 41, "rating": 2, "album_of_the_month": false, "src": null}}, {"model": "music.music", "pk": 45, "fields": {"created_at": "2019-05-08T04:56:47.334Z", "updated_at": "2019-05-08T04:56:47.334Z", "album_released_date": null, "reviewed_at": "2017-05-08T04:56:20Z", "name": "Lapse", "musician": 42, "rating": 1, "album_of_the_month": false, "src": null}}, {"model": "music.music", "pk": 46, "fields": {"created_at": "2019-05-08T04:59:09.080Z", "updated_at": "2019-05-08T04:59:09.080Z", "album_released_date": null, "reviewed_at": "2017-05-08T04:58:39Z", "name": "Abysma", "musician": 43, "rating": 1, "album_of_the_month": false, "src": null}}, {"model": "music.music", "pk": 47, "fields": {"created_at": "2019-05-08T05:00:13.200Z", "updated_at": "2019-05-08T05:00:13.200Z", "album_released_date": null, "reviewed_at": "2017-05-08T04:59:39Z", "name": "Compassion", "musician": 44, "rating": 1, "album_of_the_month": false, "src": null}}, {"model": "music.music", "pk": 48, "fields": {"created_at": "2019-05-08T05:02:18.374Z", "updated_at": "2019-05-08T05:02:18.374Z", "album_released_date": null, "reviewed_at": "2017-05-08T05:01:37Z", "name": "Light We Made", "musician": 45, "rating": 1, "album_of_the_month": false, "src": null}}, {"model": "music.music", "pk": 49, "fields": {"created_at": "2019-05-11T17:22:08.985Z", "updated_at": "2019-05-11T17:22:08.985Z", "album_released_date": "2016-07-08T17:22:07Z", "reviewed_at": "2017-05-11T17:20:02Z", "name": "Centres", "musician": 46, "rating": 3, "album_of_the_month": true, "src": null}}, {"model": "music.music", "pk": 50, "fields": {"created_at": "2019-05-11T17:23:52.533Z", "updated_at": "2019-05-11T17:23:52.533Z", "album_released_date": "2017-05-07T17:23:50Z", "reviewed_at": "2017-05-11T17:22:56Z", "name": "Slow Vessels", "musician": 46, "rating": 2, "album_of_the_month": false, "src": null}}, {"model": "music.music", "pk": 51, "fields": {"created_at": "2019-05-11T17:25:37.399Z", "updated_at": "2019-05-11T17:25:37.399Z", "album_released_date": "2017-10-27T17:25:34Z", "reviewed_at": "2017-12-31T18:24:16Z", "name": "Turn Out the Lights", "musician": 47, "rating": 3, "album_of_the_month": true, "src": null}}, {"model": "music.music", "pk": 52, "fields": {"created_at": "2019-05-11T17:28:00.757Z", "updated_at": "2019-05-11T17:28:00.757Z", "album_released_date": "2015-04-10T17:26:28Z", "reviewed_at": "2017-12-31T18:26:28Z", "name": "Moonlover", "musician": 48, "rating": 3, "album_of_the_month": true, "src": null}}, {"model": "music.music", "pk": 53, "fields": {"created_at": "2019-05-11T17:30:39.939Z", "updated_at": "2019-05-11T17:30:39.939Z", "album_released_date": "2017-04-21T17:29:55Z", "reviewed_at": "2017-12-31T18:28:28Z", "name": "Starmourner", "musician": 48, "rating": 1, "album_of_the_month": false, "src": null}}, {"model": "music.music", "pk": 54, "fields": {"created_at": "2019-05-11T17:31:56.844Z", "updated_at": "2019-05-11T17:31:56.844Z", "album_released_date": "2017-09-29T17:31:49Z", "reviewed_at": "2017-12-31T18:30:52Z", "name": "New Energy", "musician": 12, "rating": 2, "album_of_the_month": true, "src": null}}, {"model": "music.music", "pk": 55, "fields": {"created_at": "2019-05-11T17:34:07.556Z", "updated_at": "2019-05-11T17:34:07.556Z", "album_released_date": "2017-04-28T17:34:02Z", "reviewed_at": "2017-12-31T18:32:23Z", "name": "Snow", "musician": 49, "rating": 2, "album_of_the_month": true, "src": null}}, {"model": "music.music", "pk": 56, "fields": {"created_at": "2019-05-11T17:35:56.643Z", "updated_at": "2019-05-11T17:35:56.643Z", "album_released_date": "2017-08-25T17:35:19Z", "reviewed_at": "2017-12-31T18:34:35Z", "name": "A Deeper Understanding", "musician": 50, "rating": 2, "album_of_the_month": true, "src": null}}, {"model": "music.music", "pk": 57, "fields": {"created_at": "2019-05-11T17:37:15.130Z", "updated_at": "2019-05-11T17:37:15.130Z", "album_released_date": "2014-03-18T17:37:05Z", "reviewed_at": "2014-12-31T18:35:59Z", "name": "Lost in the Dream", "musician": 50, "rating": 3, "album_of_the_month": true, "src": null}}, {"model": "music.music", "pk": 58, "fields": {"created_at": "2019-05-11T17:38:51.135Z", "updated_at": "2019-05-11T17:38:51.135Z", "album_released_date": "2017-03-03T18:38:27Z", "reviewed_at": "2017-12-31T18:37:31Z", "name": "World Eater", "musician": 51, "rating": 3, "album_of_the_month": true, "src": null}}, {"model": "music.music", "pk": 59, "fields": {"created_at": "2019-05-11T17:41:05.519Z", "updated_at": "2019-05-11T17:41:05.519Z", "album_released_date": "2017-06-09T17:41:03Z", "reviewed_at": "2017-12-31T18:39:46Z", "name": "Capacity", "musician": 52, "rating": 1, "album_of_the_month": false, "src": null}}, {"model": "music.music", "pk": 60, "fields": {"created_at": "2019-05-11T17:43:14.549Z", "updated_at": "2019-05-11T17:43:14.549Z", "album_released_date": "2017-08-17T17:43:11Z", "reviewed_at": "2017-12-31T18:41:58Z", "name": "Science Fiction", "musician": 53, "rating": 1, "album_of_the_month": false, "src": null}}, {"model": "music.music", "pk": 61, "fields": {"created_at": "2019-05-11T17:44:16.662Z", "updated_at": "2019-05-11T17:44:16.662Z", "album_released_date": "2017-10-06T17:44:13Z", "reviewed_at": "2017-12-31T18:43:21Z", "name": "Blurred", "musician": 16, "rating": 2, "album_of_the_month": true, "src": null}}, {"model": "music.music", "pk": 62, "fields": {"created_at": "2019-05-11T17:47:46.165Z", "updated_at": "2019-05-11T17:47:46.165Z", "album_released_date": "2017-02-24T18:47:44Z", "reviewed_at": "2017-12-31T18:44:55Z", "name": "Nightmare Logic", "musician": 55, "rating": 2, "album_of_the_month": true, "src": null}}, {"model": "music.music", "pk": 63, "fields": {"created_at": "2019-05-11T17:49:31Z", "updated_at": "2019-05-11T17:57:54.342Z", "album_released_date": "2017-02-24T18:49:29Z", "reviewed_at": "2017-05-11T17:47:56Z", "name": "Infinite Worlds", "musician": 56, "rating": 1, "album_of_the_month": false, "src": null}}, {"model": "music.music", "pk": 64, "fields": {"created_at": "2019-05-11T18:28:28.127Z", "updated_at": "2019-05-11T18:28:28.127Z", "album_released_date": "1992-11-09T19:28:26Z", "reviewed_at": "2018-12-31T19:27:11Z", "name": "Selected Ambient Works 85/92", "musician": 57, "rating": 3, "album_of_the_month": true, "src": null}}, {"model": "music.music", "pk": 65, "fields": {"created_at": "2019-05-11T18:29:15.052Z", "updated_at": "2019-05-11T19:54:44.235Z", "album_released_date": "2018-09-28T18:28:47Z", "reviewed_at": "2018-12-31T19:28:35Z", "name": "Konoyo", "musician": 1, "rating": 2, "album_of_the_month": true, "src": null}}, {"model": "music.music", "pk": 66, "fields": {"created_at": "2019-05-11T18:30:36.742Z", "updated_at": "2019-05-11T18:30:36.742Z", "album_released_date": "2013-10-01T18:30:35Z", "reviewed_at": "2018-12-31T19:29:25Z", "name": "R Plus Seven", "musician": 58, "rating": 2, "album_of_the_month": true, "src": null}}, {"model": "music.music", "pk": 67, "fields": {"created_at": "2019-05-11T18:32:34.430Z", "updated_at": "2019-05-11T20:27:25.092Z", "album_released_date": "2018-02-06T19:32:32Z", "reviewed_at": "2018-12-31T19:30:42Z", "name": "Arson", "musician": 41, "rating": 3, "album_of_the_month": true, "src": null}}, {"model": "music.music", "pk": 68, "fields": {"created_at": "2019-05-11T18:33:58.780Z", "updated_at": "2019-05-11T18:33:58.780Z", "album_released_date": "2018-05-19T18:33:57Z", "reviewed_at": "2018-12-31T19:32:37Z", "name": "Stubborn Persistent Illusions", "musician": 59, "rating": 2, "album_of_the_month": true, "src": null}}, {"model": "music.music", "pk": 69, "fields": {"created_at": "2019-05-11T18:35:36.864Z", "updated_at": "2019-05-11T18:35:36.864Z", "album_released_date": "2018-10-19T18:34:42Z", "reviewed_at": "2018-12-31T19:34:08Z", "name": "Traversa", "musician": 43, "rating": 3, "album_of_the_month": true, "src": null}}, {"model": "music.music", "pk": 70, "fields": {"created_at": "2019-05-11T18:36:34.125Z", "updated_at": "2019-05-11T18:36:34.125Z", "album_released_date": "2018-04-13T18:36:32Z", "reviewed_at": "2018-12-31T19:35:40Z", "name": "Jord", "musician": 60, "rating": 2, "album_of_the_month": true, "src": null}}, {"model": "music.music", "pk": 71, "fields": {"created_at": "2019-05-11T18:37:45.795Z", "updated_at": "2019-05-11T18:37:45.795Z", "album_released_date": "2018-05-01T18:37:44Z", "reviewed_at": "2018-12-31T19:36:38Z", "name": "KBD/WRT", "musician": 61, "rating": 2, "album_of_the_month": false, "src": null}}, {"model": "music.music", "pk": 72, "fields": {"created_at": "2019-05-11T18:38:54.368Z", "updated_at": "2019-05-11T18:38:54.368Z", "album_released_date": "2017-05-12T18:38:52Z", "reviewed_at": "2018-12-31T19:37:59Z", "name": "Slow Heart", "musician": 45, "rating": 2, "album_of_the_month": true, "src": null}}, {"model": "music.music", "pk": 73, "fields": {"created_at": "2019-05-11T18:40:23.165Z", "updated_at": "2019-05-11T18:40:23.165Z", "album_released_date": "2018-07-28T18:40:21Z", "reviewed_at": "2018-12-31T19:39:13Z", "name": "Snowmelt", "musician": 62, "rating": 2, "album_of_the_month": false, "src": null}}, {"model": "music.music", "pk": 74, "fields": {"created_at": "2019-05-11T18:42:00.729Z", "updated_at": "2019-05-11T18:42:00.729Z", "album_released_date": "2017-05-19T18:41:59Z", "reviewed_at": "2018-12-31T19:41:03Z", "name": "spin", "musician": 63, "rating": 1, "album_of_the_month": false, "src": null}}, {"model": "music.music", "pk": 75, "fields": {"created_at": "2019-05-11T18:44:28.426Z", "updated_at": "2019-05-11T18:44:28.426Z", "album_released_date": "2018-08-24T18:44:27Z", "reviewed_at": "2018-12-31T19:42:44Z", "name": "Exhalants", "musician": 64, "rating": 1, "album_of_the_month": false, "src": null}}, {"model": "music.music", "pk": 76, "fields": {"created_at": "2019-05-11T18:46:02.969Z", "updated_at": "2019-05-11T18:46:02.969Z", "album_released_date": "2018-08-15T18:45:21Z", "reviewed_at": "2018-12-31T19:44:58Z", "name": "Ceres", "musician": 65, "rating": 2, "album_of_the_month": false, "src": null}}, {"model": "music.music", "pk": 77, "fields": {"created_at": "2019-05-11T18:47:10.980Z", "updated_at": "2019-05-11T18:47:10.980Z", "album_released_date": "2018-11-09T19:47:10Z", "reviewed_at": "2018-12-31T19:46:23Z", "name": "Ens", "musician": 66, "rating": 1, "album_of_the_month": false, "src": null}}, {"model": "music.music", "pk": 78, "fields": {"created_at": "2019-05-11T18:49:10.859Z", "updated_at": "2019-05-11T18:49:10.859Z", "album_released_date": "2018-08-07T18:49:09Z", "reviewed_at": "2018-12-31T19:48:06Z", "name": "Moments in Golden Light", "musician": 67, "rating": 2, "album_of_the_month": false, "src": null}}, {"model": "music.music", "pk": 79, "fields": {"created_at": "2019-05-12T03:47:08.599Z", "updated_at": "2019-05-12T03:47:08.599Z", "album_released_date": "2017-12-02T04:47:05Z", "reviewed_at": "2019-05-12T03:45:10Z", "name": "A Dark Forgotten Past", "musician": 2, "rating": 3, "album_of_the_month": false, "src": null}}, {"model": "music.music", "pk": 80, "fields": {"created_at": "2019-05-12T03:48:01.453Z", "updated_at": "2019-05-12T03:48:01.454Z", "album_released_date": "2016-02-02T04:47:59Z", "reviewed_at": "2019-05-12T03:47:12Z", "name": "The Force of the Ancient Land", "musician": 2, "rating": 2, "album_of_the_month": false, "src": null}}, {"model": "music.music", "pk": 81, "fields": {"created_at": "2019-05-17T16:28:43.803Z", "updated_at": "2019-05-25T16:23:21.975Z", "album_released_date": "2019-03-22T16:27:41Z", "reviewed_at": "2019-05-17T16:27:10Z", "name": "Prokopton", "musician": 68, "rating": 3, "album_of_the_month": true, "src": "https://www.youtube.com/watch?v=DNQvMYHuIUA"}}, {"model": "music.musician", "pk": 1, "fields": {"created_at": "2019-05-04T18:01:58.209Z", "updated_at": "2019-05-04T18:01:58.209Z", "name": "Tim Hecker", "tags": [1, 2, 3, 4]}}, {"model": "music.musician", "pk": 2, "fields": {"created_at": "2019-05-06T00:14:41.922Z", "updated_at": "2019-05-06T00:14:41.922Z", "name": "Eldamar", "tags": [5, 6]}}, {"model": "music.musician", "pk": 3, "fields": {"created_at": "2019-05-06T00:24:02.791Z", "updated_at": "2019-05-06T00:24:02.791Z", "name": "Deafheaven", "tags": [5, 6, 7]}}, {"model": "music.musician", "pk": 4, "fields": {"created_at": "2019-05-06T00:27:36.916Z", "updated_at": "2019-05-06T00:27:36.916Z", "name": "Pianos Become the Teeth", "tags": [8, 9]}}, {"model": "music.musician", "pk": 5, "fields": {"created_at": "2019-05-06T00:29:41.794Z", "updated_at": "2019-05-06T00:29:41.794Z", "name": "Steve Hauschildt", "tags": [1, 10, 3, 4]}}, {"model": "music.musician", "pk": 6, "fields": {"created_at": "2019-05-06T00:37:59.129Z", "updated_at": "2019-05-06T00:37:59.130Z", "name": "Sylvan Esso", "tags": [3, 11, 12]}}, {"model": "music.musician", "pk": 7, "fields": {"created_at": "2019-05-06T00:40:25.164Z", "updated_at": "2019-05-06T00:40:25.164Z", "name": "Public Service Broadcasting", "tags": [9, 3]}}, {"model": "music.musician", "pk": 8, "fields": {"created_at": "2019-05-06T00:42:20.452Z", "updated_at": "2019-05-06T00:42:20.453Z", "name": "Childbirth", "tags": [9, 13]}}, {"model": "music.musician", "pk": 9, "fields": {"created_at": "2019-05-06T00:43:24.061Z", "updated_at": "2019-05-06T00:43:24.061Z", "name": "Andrew Weathers Ensemble", "tags": [1, 2, 3, 4]}}, {"model": "music.musician", "pk": 10, "fields": {"created_at": "2019-05-06T00:45:14.213Z", "updated_at": "2019-05-06T00:45:14.213Z", "name": "Tom Brosseau", "tags": [13, 14]}}, {"model": "music.musician", "pk": 11, "fields": {"created_at": "2019-05-06T00:45:57.869Z", "updated_at": "2019-05-06T00:45:57.869Z", "name": "Kurt Vile", "tags": [9, 14]}}, {"model": "music.musician", "pk": 12, "fields": {"created_at": "2019-05-06T00:47:36.844Z", "updated_at": "2019-05-06T00:47:36.844Z", "name": "Four Tet", "tags": [1, 10, 3, 4]}}, {"model": "music.musician", "pk": 13, "fields": {"created_at": "2019-05-06T00:49:01.001Z", "updated_at": "2019-05-06T00:49:01.001Z", "name": "Tame Impala", "tags": [3, 9, 11, 12]}}, {"model": "music.musician", "pk": 14, "fields": {"created_at": "2019-05-06T00:50:27.569Z", "updated_at": "2019-05-06T00:50:27.569Z", "name": "Sufjan Stevens", "tags": [9, 14]}}, {"model": "music.musician", "pk": 15, "fields": {"created_at": "2019-05-08T03:59:29.717Z", "updated_at": "2019-05-08T03:59:29.717Z", "name": "Stephan Bodzin", "tags": [3, 10, 11]}}, {"model": "music.musician", "pk": 16, "fields": {"created_at": "2019-05-08T04:01:19.333Z", "updated_at": "2019-05-08T04:01:19.333Z", "name": "Kiasmos", "tags": [3, 11, 12]}}, {"model": "music.musician", "pk": 17, "fields": {"created_at": "2019-05-08T04:03:08.930Z", "updated_at": "2019-05-08T04:03:08.930Z", "name": "Maserati", "tags": [9, 10, 7]}}, {"model": "music.musician", "pk": 18, "fields": {"created_at": "2019-05-08T04:04:16.966Z", "updated_at": "2019-05-08T04:04:16.966Z", "name": "Wray", "tags": [9, 15]}}, {"model": "music.musician", "pk": 19, "fields": {"created_at": "2019-05-08T04:05:28.830Z", "updated_at": "2019-05-08T04:05:28.830Z", "name": "William Tyler", "tags": [1, 14]}}, {"model": "music.musician", "pk": 20, "fields": {"created_at": "2019-05-08T04:06:47.775Z", "updated_at": "2019-05-08T04:06:47.775Z", "name": "Sparkling Water", "tags": [1, 2, 3, 4, 10]}}, {"model": "music.musician", "pk": 21, "fields": {"created_at": "2019-05-08T04:08:17.788Z", "updated_at": "2019-05-08T04:08:17.788Z", "name": "Sonar", "tags": [16, 2, 4, 7]}}, {"model": "music.musician", "pk": 22, "fields": {"created_at": "2019-05-08T04:10:13.975Z", "updated_at": "2019-05-08T04:10:13.975Z", "name": "DIIV", "tags": [9, 15]}}, {"model": "music.musician", "pk": 23, "fields": {"created_at": "2019-05-08T04:12:23.204Z", "updated_at": "2019-05-08T04:12:23.204Z", "name": "Arca", "tags": [2, 3, 4]}}, {"model": "music.musician", "pk": 24, "fields": {"created_at": "2019-05-08T04:13:34.517Z", "updated_at": "2019-05-08T04:13:34.517Z", "name": "Boards of Canada", "tags": [1, 3]}}, {"model": "music.musician", "pk": 25, "fields": {"created_at": "2019-05-08T04:14:41.245Z", "updated_at": "2019-05-08T04:14:41.245Z", "name": "Tycho", "tags": [10, 3, 7]}}, {"model": "music.musician", "pk": 26, "fields": {"created_at": "2019-05-08T04:16:04.285Z", "updated_at": "2019-05-08T04:16:04.285Z", "name": "Stars of the Lid", "tags": [1, 10, 3, 4]}}, {"model": "music.musician", "pk": 27, "fields": {"created_at": "2019-05-08T04:17:06.570Z", "updated_at": "2019-05-08T04:17:06.570Z", "name": "CHVRCHES", "tags": [3, 11, 12]}}, {"model": "music.musician", "pk": 28, "fields": {"created_at": "2019-05-08T04:18:31.168Z", "updated_at": "2019-05-08T04:18:31.168Z", "name": "Computer Magic", "tags": [3, 10, 11, 12]}}, {"model": "music.musician", "pk": 29, "fields": {"created_at": "2019-05-08T04:19:23.171Z", "updated_at": "2019-05-08T04:19:23.171Z", "name": "Benoit Pioulard", "tags": [1, 2, 3, 4]}}, {"model": "music.musician", "pk": 30, "fields": {"created_at": "2019-05-08T04:20:37.622Z", "updated_at": "2019-05-08T04:20:37.622Z", "name": "Claire Singer", "tags": [1, 2, 4]}}, {"model": "music.musician", "pk": 31, "fields": {"created_at": "2019-05-08T04:21:48.383Z", "updated_at": "2019-05-08T04:21:48.383Z", "name": "Heather Woods Broderick", "tags": [9, 12]}}, {"model": "music.musician", "pk": 32, "fields": {"created_at": "2019-05-08T04:22:32.018Z", "updated_at": "2019-05-08T04:22:32.018Z", "name": "Purity Ring", "tags": [3, 11, 12]}}, {"model": "music.musician", "pk": 33, "fields": {"created_at": "2019-05-08T04:26:01.670Z", "updated_at": "2019-05-08T04:26:01.670Z", "name": "Floating Points", "tags": [2, 3, 4]}}, {"model": "music.musician", "pk": 34, "fields": {"created_at": "2019-05-08T04:26:55.058Z", "updated_at": "2019-05-08T04:26:55.058Z", "name": "Eluvium", "tags": [1, 3, 4]}}, {"model": "music.musician", "pk": 35, "fields": {"created_at": "2019-05-08T04:27:53.055Z", "updated_at": "2019-05-08T04:27:53.055Z", "name": "Mark Pritchard", "tags": [2, 3]}}, {"model": "music.musician", "pk": 36, "fields": {"created_at": "2019-05-08T04:49:36.263Z", "updated_at": "2019-05-08T04:49:36.263Z", "name": "Sofi Tukker", "tags": [3, 11, 12]}}, {"model": "music.musician", "pk": 37, "fields": {"created_at": "2019-05-08T04:50:10.701Z", "updated_at": "2019-05-08T04:50:10.701Z", "name": "Ryan Adams", "tags": [9, 12]}}, {"model": "music.musician", "pk": 38, "fields": {"created_at": "2019-05-08T04:51:24.267Z", "updated_at": "2019-05-08T04:51:24.267Z", "name": "Pinegrove", "tags": [9, 12]}}, {"model": "music.musician", "pk": 39, "fields": {"created_at": "2019-05-08T04:52:37.415Z", "updated_at": "2019-05-08T04:52:37.415Z", "name": "Mitski", "tags": [9, 12]}}, {"model": "music.musician", "pk": 40, "fields": {"created_at": "2019-05-08T04:53:36.625Z", "updated_at": "2019-05-08T04:53:36.625Z", "name": "Heron Oblivion", "tags": [9]}}, {"model": "music.musician", "pk": 41, "fields": {"created_at": "2019-05-08T04:55:41.083Z", "updated_at": "2019-05-08T04:55:41.083Z", "name": "Harakiri for the Sky", "tags": [5, 6]}}, {"model": "music.musician", "pk": 42, "fields": {"created_at": "2019-05-08T04:56:41.128Z", "updated_at": "2019-05-08T04:56:41.128Z", "name": "Greenhouse", "tags": [1, 4]}}, {"model": "music.musician", "pk": 43, "fields": {"created_at": "2019-05-08T04:59:02.732Z", "updated_at": "2019-05-08T04:59:02.732Z", "name": "Geotic", "tags": [3, 11, 12]}}, {"model": "music.musician", "pk": 44, "fields": {"created_at": "2019-05-08T05:00:03.833Z", "updated_at": "2019-05-08T05:00:03.833Z", "name": "Forest Swords", "tags": [2, 3]}}, {"model": "music.musician", "pk": 45, "fields": {"created_at": "2019-05-08T05:02:09.025Z", "updated_at": "2019-05-08T05:02:09.025Z", "name": "Balance and Composure", "tags": [8, 9]}}, {"model": "music.musician", "pk": 46, "fields": {"created_at": "2019-05-11T17:21:21.114Z", "updated_at": "2019-05-11T17:21:21.114Z", "name": "Ian William Craig", "tags": [1, 2, 4]}}, {"model": "music.musician", "pk": 47, "fields": {"created_at": "2019-05-11T17:24:57.980Z", "updated_at": "2019-05-11T17:24:57.980Z", "name": "Julien Baker", "tags": [9]}}, {"model": "music.musician", "pk": 48, "fields": {"created_at": "2019-05-11T17:27:25.556Z", "updated_at": "2019-05-11T17:27:25.556Z", "name": "Ghost Bath", "tags": [8, 5, 6]}}, {"model": "music.musician", "pk": 49, "fields": {"created_at": "2019-05-11T17:33:23.536Z", "updated_at": "2019-05-11T17:33:23.536Z", "name": "The New Year", "tags": [9, 17]}}, {"model": "music.musician", "pk": 50, "fields": {"created_at": "2019-05-11T17:35:51.624Z", "updated_at": "2019-05-11T17:35:51.624Z", "name": "The War on Drugs", "tags": [9, 3]}}, {"model": "music.musician", "pk": 51, "fields": {"created_at": "2019-05-11T17:37:54.985Z", "updated_at": "2019-05-11T17:37:54.985Z", "name": "Blanck Mass", "tags": [3, 18, 11, 4]}}, {"model": "music.musician", "pk": 52, "fields": {"created_at": "2019-05-11T17:40:24.919Z", "updated_at": "2019-05-11T17:40:24.919Z", "name": "Big Thief", "tags": [9, 12]}}, {"model": "music.musician", "pk": 53, "fields": {"created_at": "2019-05-11T17:42:29.643Z", "updated_at": "2019-05-11T17:42:29.643Z", "name": "Brand New", "tags": [9]}}, {"model": "music.musician", "pk": 54, "fields": {"created_at": "2019-05-11T17:45:11.124Z", "updated_at": "2019-05-11T17:45:11.124Z", "name": "El Mato A Un Policia Motorizado", "tags": [9]}}, {"model": "music.musician", "pk": 55, "fields": {"created_at": "2019-05-11T17:47:20.200Z", "updated_at": "2019-05-11T17:47:20.200Z", "name": "Power Trip", "tags": [19, 6]}}, {"model": "music.musician", "pk": 56, "fields": {"created_at": "2019-05-11T17:48:58.263Z", "updated_at": "2019-05-11T17:48:58.263Z", "name": "Vagabon", "tags": [9, 12]}}, {"model": "music.musician", "pk": 57, "fields": {"created_at": "2019-05-11T18:27:42.876Z", "updated_at": "2019-05-11T18:27:42.876Z", "name": "Aphex Twin", "tags": [1, 3, 4]}}, {"model": "music.musician", "pk": 58, "fields": {"created_at": "2019-05-11T18:29:47.075Z", "updated_at": "2019-05-11T18:29:47.075Z", "name": "Oneohtrix Point Never", "tags": [3, 18, 2, 4]}}, {"model": "music.musician", "pk": 59, "fields": {"created_at": "2019-05-11T18:33:19.494Z", "updated_at": "2019-05-11T18:33:19.494Z", "name": "Do Make Say Think", "tags": [9, 7]}}, {"model": "music.musician", "pk": 60, "fields": {"created_at": "2019-05-11T18:36:18.595Z", "updated_at": "2019-05-11T18:36:18.595Z", "name": "MOL", "tags": [5, 6]}}, {"model": "music.musician", "pk": 61, "fields": {"created_at": "2019-05-11T18:36:56.391Z", "updated_at": "2019-05-11T18:36:56.391Z", "name": "Kyle Bobby Dunn and Wayne Robert Thomas", "tags": [1, 2, 4]}}, {"model": "music.musician", "pk": 62, "fields": {"created_at": "2019-05-11T18:39:46.595Z", "updated_at": "2019-05-11T18:39:46.595Z", "name": "Zoe Keating", "tags": [1, 3, 20]}}, {"model": "music.musician", "pk": 63, "fields": {"created_at": "2019-05-11T18:41:20.768Z", "updated_at": "2019-05-11T18:41:20.768Z", "name": "Tigers Jaw", "tags": [8, 9, 12]}}, {"model": "music.musician", "pk": 64, "fields": {"created_at": "2019-05-11T18:43:51.258Z", "updated_at": "2019-05-11T18:43:51.258Z", "name": "Exhalants", "tags": [21]}}, {"model": "music.musician", "pk": 65, "fields": {"created_at": "2019-05-11T18:45:12.499Z", "updated_at": "2019-05-11T18:45:12.499Z", "name": "Saariselka", "tags": [1, 2, 3, 4]}}, {"model": "music.musician", "pk": 66, "fields": {"created_at": "2019-05-11T18:46:42.352Z", "updated_at": "2019-05-11T18:46:42.352Z", "name": "BEAST", "tags": [1, 2, 3, 4]}}, {"model": "music.musician", "pk": 67, "fields": {"created_at": "2019-05-11T18:48:32.112Z", "updated_at": "2019-05-11T18:48:32.112Z", "name": "Poemme", "tags": [1, 4]}}, {"model": "music.musician", "pk": 68, "fields": {"created_at": "2019-05-17T16:28:38.312Z", "updated_at": "2019-05-17T16:28:38.312Z", "name": "Aephanemer", "tags": [6, 22]}}, {"model": "music.tag", "pk": 1, "fields": {"name": "ambient"}}, {"model": "music.tag", "pk": 2, "fields": {"name": "artsy"}}, {"model": "music.tag", "pk": 3, "fields": {"name": "electronic"}}, {"model": "music.tag", "pk": 4, "fields": {"name": "experimental"}}, {"model": "music.tag", "pk": 5, "fields": {"name": "black metal"}}, {"model": "music.tag", "pk": 6, "fields": {"name": "metal"}}, {"model": "music.tag", "pk": 7, "fields": {"name": "post-rock"}}, {"model": "music.tag", "pk": 8, "fields": {"name": "emo"}}, {"model": "music.tag", "pk": 9, "fields": {"name": "rock"}}, {"model": "music.tag", "pk": 10, "fields": {"name": "spacey"}}, {"model": "music.tag", "pk": 11, "fields": {"name": "dance"}}, {"model": "music.tag", "pk": 12, "fields": {"name": "coffeeshop"}}, {"model": "music.tag", "pk": 13, "fields": {"name": "comedy"}}, {"model": "music.tag", "pk": 14, "fields": {"name": "folk"}}, {"model": "music.tag", "pk": 15, "fields": {"name": "shoegaze"}}, {"model": "music.tag", "pk": 16, "fields": {"name": "math rock"}}, {"model": "music.tag", "pk": 17, "fields": {"name": "slowcore"}}, {"model": "music.tag", "pk": 18, "fields": {"name": "noise"}}, {"model": "music.tag", "pk": 19, "fields": {"name": "thrash metal"}}, {"model": "music.tag", "pk": 20, "fields": {"name": "post-classical"}}, {"model": "music.tag", "pk": 21, "fields": {"name": "punk"}}, {"model": "music.tag", "pk": 22, "fields": {"name": "death metal"}}]
